Event_ID,Timestamp,RFID_ID,Case_ID,Location,Action,Handler,Flag_Unauthorized_Location,Flag_Odd_Hour,Prev_Timestamp,Prev_Location,Gap_Minutes,Flag_Impossible_Speed,Flag_Duplicate_Scan,Anomaly_Score,Flag_Statistical_Outlier,Is_Anomaly,Anomaly_Reasons,Prev_Hash,Block_Hash
EVT0000,2026-09-01 00:37:00,EB101,FIR-2026-1000,Storage Room B,Checked-Out,Officer C. Mehta,False,True,,,,False,False,0.028266730266939377,False,True,Odd Hour,0000000000000000000000000000000000000000000000000000000000000000,f54e934c83181fd5c297a596c837df618a80dd62fe10eadb2cdcc4ec90be214f
EVT0001,2026-09-01 04:05:00,EB101,FIR-2026-1000,Transport Vehicle,Checked-Out,Officer C. Mehta,False,True,2026-09-01 00:37:00,Storage Room B,208.0,False,False,-0.022658342294620493,True,True,"Odd Hour, Statistical Outlier",f54e934c83181fd5c297a596c837df618a80dd62fe10eadb2cdcc4ec90be214f,551322b89f3cc9985854273dd5f16c8cbd60c064cb5ed79b0ab8a117293515e8
EVT0002,2026-09-01 08:00:00,EB101,FIR-2026-1000,Crime Scene,Collected,Officer A. Rao,False,False,2026-09-01 04:05:00,Transport Vehicle,235.0,False,False,0.018800254264383254,False,False,,551322b89f3cc9985854273dd5f16c8cbd60c064cb5ed79b0ab8a117293515e8,552bcf58e025e1c043d28425dff31241391eb97a29d07a44ef0f691ecb8c4e5d
EVT0003,2026-09-01 08:27:00,EB101,FIR-2026-1000,Personal Vehicle,Unauthorized Movement,UNKNOWN,True,False,2026-09-01 08:00:00,Crime Scene,27.0,False,False,-0.07889239445881613,True,True,"Unauthorized Location, Statistical Outlier",552bcf58e025e1c043d28425dff31241391eb97a29d07a44ef0f691ecb8c4e5d,58571b112d2cb29c01cb5774ea05c2369341dea0ff418441a3ce32d11e1cb240
EVT0004,2026-09-01 08:54:00,EB101,FIR-2026-1000,Evidence Intake,Transferred,Officer C. Mehta,False,False,2026-09-01 08:27:00,Personal Vehicle,27.0,False,False,0.13668837753984142,False,False,,58571b112d2cb29c01cb5774ea05c2369341dea0ff418441a3ce32d11e1cb240,b2a979d12642c8791251a97c86b1d5053e31d477b8361cf231b76893a74ddfb9
EVT0005,2026-09-01 09:22:00,EB101,FIR-2026-1000,Storage Room A,Checked-Out,Officer B. Singh,False,False,2026-09-01 08:54:00,Evidence Intake,28.0,False,False,0.08522314082342902,False,False,,b2a979d12642c8791251a97c86b1d5053e31d477b8361cf231b76893a74ddfb9,69bf376ab54d60df8c6ca6d7bb485eae4cb4cfd796fa568fb94f43a4e85f55e2
EVT0006,2026-09-01 10:03:00,EB101,FIR-2026-1000,Forensic Lab,Received,Officer A. Rao,False,False,2026-09-01 09:22:00,Storage Room A,41.0,False,False,0.18742908084298637,False,False,,69bf376ab54d60df8c6ca6d7bb485eae4cb4cfd796fa568fb94f43a4e85f55e2,88523d72a913ce2a5efa9759440c3244f15153330fb66f47fab85093bc5fea46
EVT0007,2026-09-01 10:53:00,EB101,FIR-2026-1000,Storage Room A,Transferred,Lab Tech D. Iyer,False,False,2026-09-01 10:03:00,Forensic Lab,50.0,False,False,0.036448340384296674,False,False,,88523d72a913ce2a5efa9759440c3244f15153330fb66f47fab85093bc5fea46,c72a8328a3ac11f0f4aeaa9d2b9f1a1da7d1cef42cd3cbc588d34a5eb2b2f213
EVT0008,2026-09-01 11:40:00,EB101,FIR-2026-1000,Court Room,Checked-Out,Officer A. Rao,False,False,2026-09-01 10:53:00,Storage Room A,47.0,False,False,0.20067659378301045,False,False,,c72a8328a3ac11f0f4aeaa9d2b9f1a1da7d1cef42cd3cbc588d34a5eb2b2f213,4bb42a52beefb2b5e889184096a14553f0bf3447a1a0778abc20d464e602d120
EVT0009,2026-09-01 11:41:00,EB101,FIR-2026-1000,Storage Room B,Checked-Out,Clerk G. Nair,False,False,2026-09-01 11:40:00,Court Room,1.0,True,False,0.15475398084781677,False,True,Impossible Speed,4bb42a52beefb2b5e889184096a14553f0bf3447a1a0778abc20d464e602d120,7a905470775d6a9faf86348f48965564c205de2de10b14bf617a3223bbaad4df
EVT0010,2026-09-01 13:22:00,EB101,FIR-2026-1000,Transport Vehicle,Checked-In,Lab Tech E. Khan,False,False,2026-09-01 11:41:00,Storage Room B,101.0,False,False,0.09387383388220272,False,False,,7a905470775d6a9faf86348f48965564c205de2de10b14bf617a3223bbaad4df,2fe4c353614e13245f802131856568153972fe2acb7165819c0be82ba85d6c00
EVT0011,2026-09-01 13:42:00,EB101,FIR-2026-1000,Off-site (Unknown),Unauthorized Movement,UNKNOWN,True,False,2026-09-01 13:22:00,Transport Vehicle,20.0,False,False,-0.001375947230605301,True,True,"Unauthorized Location, Statistical Outlier",2fe4c353614e13245f802131856568153972fe2acb7165819c0be82ba85d6c00,6171dee7962960de47ed68df1507163ff3ed0fd145cd3925d3a496821c6dea4f
EVT0012,2026-09-01 14:09:00,EB101,FIR-2026-1000,Evidence Intake,Transferred,Clerk G. Nair,False,False,2026-09-01 13:42:00,Off-site (Unknown),27.0,False,False,0.15947027601786734,False,False,,6171dee7962960de47ed68df1507163ff3ed0fd145cd3925d3a496821c6dea4f,4e219db61af8b5d71fb400b905b2f8f0dca79624dbda5d208179e15e3e2f23b7
EVT0013,2026-09-01 14:49:00,EB101,FIR-2026-1000,Storage Room A,Returned,Lab Tech E. Khan,False,False,2026-09-01 14:09:00,Evidence Intake,40.0,False,False,0.11667892704992622,False,False,,4e219db61af8b5d71fb400b905b2f8f0dca79624dbda5d208179e15e3e2f23b7,9de6eac3ca73200a5874f1d21a15ee0b3bdb3137005367c30fddb138dbe2bf33
EVT0014,2026-09-02 01:18:00,EB102,FIR-2026-1001,Evidence Intake,Checked-Out,Officer A. Rao,False,True,,,,False,False,0.027231183094164724,False,True,Odd Hour,9de6eac3ca73200a5874f1d21a15ee0b3bdb3137005367c30fddb138dbe2bf33,f6eaa73db409b2c34ca8b7030437824b0f2dfd6b323fe5911b981d568da29a0b
EVT0015,2026-09-02 09:00:00,EB102,FIR-2026-1001,Crime Scene,Collected,Lab Tech D. Iyer,False,False,2026-09-02 01:18:00,Evidence Intake,462.0,False,False,-0.13621655842770597,True,True,Statistical Outlier,f6eaa73db409b2c34ca8b7030437824b0f2dfd6b323fe5911b981d568da29a0b,535e531c369a14991cd706373b791357c3da97bd27c7eb1fdd1d8e62cb764796
EVT0016,2026-09-02 09:01:00,EB102,FIR-2026-1001,Evidence Intake,Received,Clerk G. Nair,False,False,2026-09-02 09:00:00,Crime Scene,1.0,True,False,0.11246295749804691,False,True,Impossible Speed,535e531c369a14991cd706373b791357c3da97bd27c7eb1fdd1d8e62cb764796,b8b0df63570046edd37f5116bc56a20d8a87769a81375ed9290cf7f567926068
EVT0017,2026-09-02 10:20:00,EB102,FIR-2026-1001,Storage Room A,Analyzed,Officer F. Verma,False,False,2026-09-02 09:01:00,Evidence Intake,79.0,False,False,0.053091703371702326,False,False,,b8b0df63570046edd37f5116bc56a20d8a87769a81375ed9290cf7f567926068,aed9f9e7e0c4daf3e207ac1de740fc0a101d82170e918280de0f234cd95968c9
EVT0018,2026-09-02 10:50:00,EB102,FIR-2026-1001,Forensic Lab,Received,Officer H. Das,False,False,2026-09-02 10:20:00,Storage Room A,30.0,False,False,0.1565687388849964,False,False,,aed9f9e7e0c4daf3e207ac1de740fc0a101d82170e918280de0f234cd95968c9,8bb51b8b68cb4ddad100278c84886a8358db9ce8110b7070a7ac81e70ebf7b55
EVT0019,2026-09-02 11:20:00,EB102,FIR-2026-1001,Storage Room A,Received,Clerk G. Nair,False,False,2026-09-02 10:50:00,Forensic Lab,30.0,False,False,0.15407814524654595,False,False,,8bb51b8b68cb4ddad100278c84886a8358db9ce8110b7070a7ac81e70ebf7b55,d8b89525586a5ca4c831316f9d81d54b7cc6194aae5e52e4d531a34937bd4685
EVT0020,2026-09-02 12:12:00,EB102,FIR-2026-1001,Court Room,Checked-Out,Lab Tech E. Khan,False,False,2026-09-02 11:20:00,Storage Room A,52.0,False,False,0.16407503220669478,False,False,,d8b89525586a5ca4c831316f9d81d54b7cc6194aae5e52e4d531a34937bd4685,3e2e9e2f5442f6242fdb8ed363866cc62dac3bc08f98b55e2288db95182ffc87
EVT0021,2026-09-02 13:18:00,EB102,FIR-2026-1001,Storage Room B,Checked-Out,Lab Tech D. Iyer,False,False,2026-09-02 12:12:00,Court Room,66.0,False,False,0.1166332761131133,False,False,,3e2e9e2f5442f6242fdb8ed363866cc62dac3bc08f98b55e2288db95182ffc87,15bd262861f0121fc6d3f9471d1b1d2208d2eb18697f164f217c732cc527e2f4
EVT0022,2026-09-02 13:25:00,EB102,FIR-2026-1001,Transport Vehicle,Received,Lab Tech D. Iyer,False,False,2026-09-02 13:18:00,Storage Room B,7.0,False,False,0.09279248451843353,False,False,,15bd262861f0121fc6d3f9471d1b1d2208d2eb18697f164f217c732cc527e2f4,eec85d8055ba77dc979f6d684b10aed95b4b69a0fdcc9a9d92ef3fa6843c1bd0
EVT0023,2026-09-02 14:36:00,EB102,FIR-2026-1001,Evidence Intake,Received,Lab Tech D. Iyer,False,False,2026-09-02 13:25:00,Transport Vehicle,71.0,False,False,0.0784709720187104,False,False,,eec85d8055ba77dc979f6d684b10aed95b4b69a0fdcc9a9d92ef3fa6843c1bd0,1ef4ebb3bb94a89b3ec5795c04e53f2ae8de1cf9b8e02e46a6a5164d02cda621
EVT0024,2026-09-02 15:33:00,EB102,FIR-2026-1001,Storage Room A,Returned,Officer B. Singh,False,False,2026-09-02 14:36:00,Evidence Intake,57.0,False,False,0.06360447355377286,False,False,,1ef4ebb3bb94a89b3ec5795c04e53f2ae8de1cf9b8e02e46a6a5164d02cda621,a5ec0215f9becb345699debe7989a24aee4e69e87ce0fed5d48c4bf63bbf03b5
EVT0025,2026-09-03 11:00:00,EB103,FIR-2026-1002,Crime Scene,Collected,Lab Tech E. Khan,False,False,,,,False,False,0.16689240739096134,False,False,,a5ec0215f9becb345699debe7989a24aee4e69e87ce0fed5d48c4bf63bbf03b5,28926a025ed0568604d646ce1e9815a121b6d9d92094b4f085f300314e910334
EVT0026,2026-09-03 11:39:00,EB103,FIR-2026-1002,Evidence Intake,Transferred,Officer F. Verma,False,False,2026-09-03 11:00:00,Crime Scene,39.0,False,False,0.13862372882870733,False,False,,28926a025ed0568604d646ce1e9815a121b6d9d92094b4f085f300314e910334,516408beab413f15441e8f9881f0c80e243d6c53aad5557561c8d571f3b88c0c
EVT0027,2026-09-03 12:12:00,EB103,FIR-2026-1002,Storage Room A,Transferred,Lab Tech E. Khan,False,False,2026-09-03 11:39:00,Evidence Intake,33.0,False,False,0.1338848522455981,False,False,,516408beab413f15441e8f9881f0c80e243d6c53aad5557561c8d571f3b88c0c,a732a7b8f150bce8185b07498a0589e8ca045b49dba3b442daa0be0f8ff2e13c
EVT0028,2026-09-03 12:37:00,EB103,FIR-2026-1002,Forensic Lab,Checked-Out,Officer C. Mehta,False,False,2026-09-03 12:12:00,Storage Room A,25.0,False,False,0.1784083254373683,False,False,,a732a7b8f150bce8185b07498a0589e8ca045b49dba3b442daa0be0f8ff2e13c,93a67c8a7f612a95939d33c7b316e5a6af83b466e66bb0a37017b58c752d6ac8
EVT0029,2026-09-03 12:57:00,EB103,FIR-2026-1002,Storage Room A,Transferred,Officer C. Mehta,False,False,2026-09-03 12:37:00,Forensic Lab,20.0,False,False,0.15087269871927073,False,False,,93a67c8a7f612a95939d33c7b316e5a6af83b466e66bb0a37017b58c752d6ac8,59f3c2ed1d7b2f6371edceb44959f9d8c28abf76c5302636388ed7ce9c286bf8
EVT0030,2026-09-03 14:01:00,EB103,FIR-2026-1002,Court Room,Checked-In,Lab Tech E. Khan,False,False,2026-09-03 12:57:00,Storage Room A,64.0,False,False,0.13736521588409878,False,False,,59f3c2ed1d7b2f6371edceb44959f9d8c28abf76c5302636388ed7ce9c286bf8,bd37466f49498f22115b3fab157300dcdefc5e7e7e20d039d954f6e28d2a8608
EVT0031,2026-09-03 15:06:00,EB103,FIR-2026-1002,Storage Room B,Analyzed,Officer A. Rao,False,False,2026-09-03 14:01:00,Court Room,65.0,False,False,0.15886246085583766,False,False,,bd37466f49498f22115b3fab157300dcdefc5e7e7e20d039d954f6e28d2a8608,130e0cbc1496df3296ac2ab09345d6528980c1bb9d0d46658e96f92b1c86a842
EVT0032,2026-09-03 15:31:00,EB103,FIR-2026-1002,Transport Vehicle,Received,Officer F. Verma,False,False,2026-09-03 15:06:00,Storage Room B,25.0,False,False,0.12713546909581197,False,False,,130e0cbc1496df3296ac2ab09345d6528980c1bb9d0d46658e96f92b1c86a842,3acb79fb6814c63502a5981f7774af8981c2f8cdad19b630e904090dfbc9a53e
EVT0033,2026-09-03 16:47:00,EB103,FIR-2026-1002,Evidence Intake,Analyzed,Officer B. Singh,False,False,2026-09-03 15:31:00,Transport Vehicle,76.0,False,False,0.08177925788726964,False,False,,3acb79fb6814c63502a5981f7774af8981c2f8cdad19b630e904090dfbc9a53e,336a1332c5f493e4ed4b41f354e72709ed14fa717fc40f586b9886185d68467b
EVT0034,2026-09-03 17:11:00,EB103,FIR-2026-1002,Storage Room A,Checked-Out,Officer F. Verma,False,False,2026-09-03 16:47:00,Evidence Intake,24.0,False,False,0.04111107915056178,False,False,,336a1332c5f493e4ed4b41f354e72709ed14fa717fc40f586b9886185d68467b,d0b7bf46c1d7ff5030b551344bf0473e270f7243d4278d8c843b862137c6ff1c
EVT0035,2026-09-03 17:47:00,EB103,FIR-2026-1002,Storage Room A,Returned,Officer H. Das,False,False,2026-09-03 17:11:00,Storage Room A,36.0,False,True,0.07154733355440746,False,True,Duplicate Scan,d0b7bf46c1d7ff5030b551344bf0473e270f7243d4278d8c843b862137c6ff1c,c15baf2e01f8c466b2afc1cf7dc168a636c647c5effbc894e4a85b4e5f017b5b
EVT0036,2026-09-03 17:47:00,EB103,FIR-2026-1002,Forensic Lab,Received,Officer B. Singh,False,False,2026-09-03 17:47:00,Storage Room A,0.0,True,True,0.031522199071445045,False,True,"Impossible Speed, Duplicate Scan",c15baf2e01f8c466b2afc1cf7dc168a636c647c5effbc894e4a85b4e5f017b5b,abbf5d9c83e663fbd8a26d106d7cffc02de83a8e2ce792fc319c105967d6c5d8
EVT0037,2026-09-04 11:00:00,EB104,FIR-2026-1003,Crime Scene,Collected,Officer H. Das,False,False,,,,False,False,0.17474379183007338,False,False,,abbf5d9c83e663fbd8a26d106d7cffc02de83a8e2ce792fc319c105967d6c5d8,1f359e84ca8cf7f70d2b13c5801a7993029707585ba0a2b52450eb615e22ebda
EVT0038,2026-09-04 11:51:00,EB104,FIR-2026-1003,Evidence Intake,Transferred,Lab Tech D. Iyer,False,False,2026-09-04 11:00:00,Crime Scene,51.0,False,False,0.10728577369669268,False,False,,1f359e84ca8cf7f70d2b13c5801a7993029707585ba0a2b52450eb615e22ebda,9938d3104c2fb38c1b9f05da37b038afb3d0554f1539ad9de378df56225408d2
EVT0039,2026-09-04 12:09:00,EB104,FIR-2026-1003,Storage Room A,Analyzed,Clerk G. Nair,False,False,2026-09-04 11:51:00,Evidence Intake,18.0,False,False,0.14477204657005843,False,False,,9938d3104c2fb38c1b9f05da37b038afb3d0554f1539ad9de378df56225408d2,3a1bada9e0ac5e4a337a65b6a71dcdee6be294dacf06efc9ece494850548b12b
EVT0040,2026-09-04 12:47:00,EB104,FIR-2026-1003,Forensic Lab,Analyzed,Lab Tech D. Iyer,False,False,2026-09-04 12:09:00,Storage Room A,38.0,False,False,0.1345028036448846,False,False,,3a1bada9e0ac5e4a337a65b6a71dcdee6be294dacf06efc9ece494850548b12b,405fd99d44b6c5f3d19100fbdc6450ed4690ff1e61e421cdb5d7f798c5c3f5c6
EVT0041,2026-09-04 13:15:00,EB104,FIR-2026-1003,Storage Room A,Checked-Out,Officer H. Das,False,False,2026-09-04 12:47:00,Forensic Lab,28.0,False,False,0.12871117450901814,False,False,,405fd99d44b6c5f3d19100fbdc6450ed4690ff1e61e421cdb5d7f798c5c3f5c6,d9f19d4888bf976d82c824b2ccfcd3d76106d4f3d38065b62ee682be3c89ed78
EVT0042,2026-09-04 14:02:00,EB104,FIR-2026-1003,Court Room,Received,Officer B. Singh,False,False,2026-09-04 13:15:00,Storage Room A,47.0,False,False,0.16807834974231944,False,False,,d9f19d4888bf976d82c824b2ccfcd3d76106d4f3d38065b62ee682be3c89ed78,e81eb9a565a3c99ff7319b5541437c9b71e0ee883be76a03e2f188ead4bf0696
EVT0043,2026-09-04 14:54:00,EB104,FIR-2026-1003,Storage Room B,Transferred,Clerk G. Nair,False,False,2026-09-04 14:02:00,Court Room,52.0,False,False,0.1933643196203027,False,False,,e81eb9a565a3c99ff7319b5541437c9b71e0ee883be76a03e2f188ead4bf0696,e6310029ae0ce6f4b1a07a02d5daa7881d0c26ac76d77b5159f3f3a472b40444
EVT0044,2026-09-04 15:37:00,EB104,FIR-2026-1003,Transport Vehicle,Checked-In,Clerk G. Nair,False,False,2026-09-04 14:54:00,Storage Room B,43.0,False,False,0.172217206342685,False,False,,e6310029ae0ce6f4b1a07a02d5daa7881d0c26ac76d77b5159f3f3a472b40444,e04b4beaae12b8d33737c4ad7a1d76c20ec0143ea0f93694821df6d7d60dba4c
EVT0045,2026-09-04 16:26:00,EB104,FIR-2026-1003,Storage Room A,Returned,Officer H. Das,False,False,2026-09-04 15:37:00,Transport Vehicle,49.0,False,False,0.0992182347055468,False,False,,e04b4beaae12b8d33737c4ad7a1d76c20ec0143ea0f93694821df6d7d60dba4c,3cc61a12abe728855dbc6a9f4454ee5757afc30341d504d580929c099c2785f8
EVT0046,2026-09-05 10:00:00,EB105,FIR-2026-1004,Crime Scene,Collected,Officer A. Rao,False,False,,,,False,False,0.19046871220483014,False,False,,3cc61a12abe728855dbc6a9f4454ee5757afc30341d504d580929c099c2785f8,f42fc98c7a7aa1d350858bb4f80441d56b5538e536f8c58ec8a6533f2c66c547
EVT0047,2026-09-05 10:49:00,EB105,FIR-2026-1004,Evidence Intake,Analyzed,Officer F. Verma,False,False,2026-09-05 10:00:00,Crime Scene,49.0,False,False,0.12018335848294093,False,False,,f42fc98c7a7aa1d350858bb4f80441d56b5538e536f8c58ec8a6533f2c66c547,7bb08f55038618bde3bc766df699d56fcd17baf30525ba7340596705e28452ea
EVT0048,2026-09-05 11:08:00,EB105,FIR-2026-1004,Storage Room A,Analyzed,Clerk G. Nair,False,False,2026-09-05 10:49:00,Evidence Intake,19.0,False,False,0.14577381006965817,False,False,,7bb08f55038618bde3bc766df699d56fcd17baf30525ba7340596705e28452ea,dc5202fe9fc5c9004225dbf64fee484a4fa4a0711abae1d433773cc6c68e941b
EVT0049,2026-09-05 11:51:00,EB105,FIR-2026-1004,Forensic Lab,Checked-In,Officer A. Rao,False,False,2026-09-05 11:08:00,Storage Room A,43.0,False,False,0.1924698238610033,False,False,,dc5202fe9fc5c9004225dbf64fee484a4fa4a0711abae1d433773cc6c68e941b,7f8e539f9d1732b3668a8204a43f609965e64430a088cf022104fb611cce8758
EVT0050,2026-09-05 12:13:00,EB105,FIR-2026-1004,Storage Room A,Checked-Out,Officer C. Mehta,False,False,2026-09-05 11:51:00,Forensic Lab,22.0,False,False,0.15049249051484015,False,False,,7f8e539f9d1732b3668a8204a43f609965e64430a088cf022104fb611cce8758,db4244afdce0f5bc582db695d17e8cf6805f59fb7f1df5c0eb496e81fcf8da4a
EVT0051,2026-09-05 13:05:00,EB105,FIR-2026-1004,Court Room,Received,Lab Tech E. Khan,False,False,2026-09-05 12:13:00,Storage Room A,52.0,False,False,0.16698336438559547,False,False,,db4244afdce0f5bc582db695d17e8cf6805f59fb7f1df5c0eb496e81fcf8da4a,1c6065a85c394141830549d5cb70ea0d769976448b4db5270b2d97ed8a95b437
EVT0052,2026-09-05 13:06:00,EB105,FIR-2026-1004,Storage Room B,Checked-Out,Lab Tech D. Iyer,False,False,2026-09-05 13:05:00,Court Room,1.0,True,False,0.09391317412584577,False,True,Impossible Speed,1c6065a85c394141830549d5cb70ea0d769976448b4db5270b2d97ed8a95b437,788410839ea4bd3f2e61f4666aaaa248b8d9bc31d49950720b26be93890b36ff
EVT0053,2026-09-05 15:03:00,EB105,FIR-2026-1004,Storage Room A,Returned,Officer F. Verma,False,False,2026-09-05 13:06:00,Storage Room B,117.0,False,False,-0.015543784269383631,True,True,Statistical Outlier,788410839ea4bd3f2e61f4666aaaa248b8d9bc31d49950720b26be93890b36ff,a66bb927f11072d9b71e65b6f6b83483fdd0caf57fd59fedd6f2a5b9005592e1
EVT0054,2026-09-06 09:00:00,EB106,FIR-2026-1005,Crime Scene,Collected,Officer A. Rao,False,False,,,,False,False,0.1807004786092265,False,False,,a66bb927f11072d9b71e65b6f6b83483fdd0caf57fd59fedd6f2a5b9005592e1,e4a1406a2f03bf2e0f24ac157b33a436b5638e3e32d98a2594c0c8e6ce721696
EVT0055,2026-09-06 09:36:00,EB106,FIR-2026-1005,Evidence Intake,Checked-In,Officer A. Rao,False,False,2026-09-06 09:00:00,Crime Scene,36.0,False,False,0.16712458055830298,False,False,,e4a1406a2f03bf2e0f24ac157b33a436b5638e3e32d98a2594c0c8e6ce721696,e8862f2d0d88dbc5178ce454981fd3cf45ce1d6f13a70b077ae2a654228aac76
EVT0056,2026-09-06 10:07:00,EB106,FIR-2026-1005,Storage Room A,Analyzed,Lab Tech E. Khan,False,False,2026-09-06 09:36:00,Evidence Intake,31.0,False,False,0.11720766094565183,False,False,,e8862f2d0d88dbc5178ce454981fd3cf45ce1d6f13a70b077ae2a654228aac76,457f6c392418e88fde4a86d7d9a5dadeef0129ddb0132625ceb7882493e7601e
EVT0057,2026-09-06 10:49:00,EB106,FIR-2026-1005,Forensic Lab,Received,Lab Tech D. Iyer,False,False,2026-09-06 10:07:00,Storage Room A,42.0,False,False,0.12911384192538067,False,False,,457f6c392418e88fde4a86d7d9a5dadeef0129ddb0132625ceb7882493e7601e,2083f1b7b6c2d5384ca4ffe7b1f6546b3aa7cebbedf561af312bdddbd0902caf
EVT0058,2026-09-06 11:25:00,EB106,FIR-2026-1005,Storage Room A,Received,Officer H. Das,False,False,2026-09-06 10:49:00,Forensic Lab,36.0,False,False,0.1366009938361566,False,False,,2083f1b7b6c2d5384ca4ffe7b1f6546b3aa7cebbedf561af312bdddbd0902caf,0a282567f81e22bcdb1a51aa21ed5a5ffee325bf4c1ae98761a999f4259adb5d
EVT0059,2026-09-06 12:13:00,EB106,FIR-2026-1005,Court Room,Checked-Out,Officer C. Mehta,False,False,2026-09-06 11:25:00,Storage Room A,48.0,False,False,0.2008629059647727,False,False,,0a282567f81e22bcdb1a51aa21ed5a5ffee325bf4c1ae98761a999f4259adb5d,09d880343abab24deced01c216889451b2134a2a5e1d4ef08bdb1fa58e861184
EVT0060,2026-09-06 13:05:00,EB106,FIR-2026-1005,Storage Room B,Checked-In,Officer C. Mehta,False,False,2026-09-06 12:13:00,Court Room,52.0,False,False,0.2012633429925227,False,False,,09d880343abab24deced01c216889451b2134a2a5e1d4ef08bdb1fa58e861184,0f702ef5a7a26dde38c82f5eceeb54abcbcfd3bd8d9049607f57ce573bcf8e77
EVT0061,2026-09-06 13:15:00,EB106,FIR-2026-1005,Transport Vehicle,Checked-Out,Clerk G. Nair,False,False,2026-09-06 13:05:00,Storage Room B,10.0,False,False,0.16528865864566078,False,False,,0f702ef5a7a26dde38c82f5eceeb54abcbcfd3bd8d9049607f57ce573bcf8e77,56b37eab306d1d3aefb9d9de0dc4f0999cb6c74238131ed2351b118c9f501c11
EVT0062,2026-09-06 14:14:00,EB106,FIR-2026-1005,Evidence Intake,Checked-Out,Lab Tech D. Iyer,False,False,2026-09-06 13:15:00,Transport Vehicle,59.0,False,False,0.09356099632469972,False,False,,56b37eab306d1d3aefb9d9de0dc4f0999cb6c74238131ed2351b118c9f501c11,7d8ab19c5f1f24e860c956f9ae6be1ffd8c37f6f6e6ac3b5a7f914ba4f397730
EVT0063,2026-09-06 14:39:00,EB106,FIR-2026-1005,Storage Room A,Checked-In,Officer F. Verma,False,False,2026-09-06 14:14:00,Evidence Intake,25.0,False,False,0.11701737940099133,False,False,,7d8ab19c5f1f24e860c956f9ae6be1ffd8c37f6f6e6ac3b5a7f914ba4f397730,6ebe9eeeebaa227bbaa2980c71988889c0ffdae3a8027d721c5cc9fe2655c505
EVT0064,2026-09-06 15:24:00,EB106,FIR-2026-1005,Forensic Lab,Checked-Out,Officer H. Das,False,False,2026-09-06 14:39:00,Storage Room A,45.0,False,False,0.13737790654788973,False,False,,6ebe9eeeebaa227bbaa2980c71988889c0ffdae3a8027d721c5cc9fe2655c505,2ead19215fe13faad50e37cdc0fc71a65b25f08a65cad7a704233676f63641e1
EVT0065,2026-09-06 15:48:00,EB106,FIR-2026-1005,Off-site (Unknown),Unauthorized Movement,UNKNOWN,True,False,2026-09-06 15:24:00,Forensic Lab,24.0,False,False,-0.020708971768056195,True,True,"Unauthorized Location, Statistical Outlier",2ead19215fe13faad50e37cdc0fc71a65b25f08a65cad7a704233676f63641e1,fc227b21687918825ff5c6996f52ef407751c92e13ab009aa493c148e890b49a
EVT0066,2026-09-06 15:57:00,EB106,FIR-2026-1005,Storage Room A,Returned,Lab Tech D. Iyer,False,False,2026-09-06 15:48:00,Off-site (Unknown),9.0,False,False,0.0009157977855520638,False,False,,fc227b21687918825ff5c6996f52ef407751c92e13ab009aa493c148e890b49a,5981742e662e26c6d0a808fe001afe2e0168c1647909fef7b66239ca85a69a7c
EVT0067,2026-09-07 09:00:00,EB107,FIR-2026-1006,Crime Scene,Collected,Officer B. Singh,False,False,,,,False,False,0.15201379419424538,False,False,,5981742e662e26c6d0a808fe001afe2e0168c1647909fef7b66239ca85a69a7c,9d815416e3c0bb0235e8bef40798621c33ee8dc2cbae4616a6ca7c0b7b3f7369
EVT0068,2026-09-07 09:53:00,EB107,FIR-2026-1006,Evidence Intake,Checked-Out,Lab Tech D. Iyer,False,False,2026-09-07 09:00:00,Crime Scene,53.0,False,False,0.07716451254060464,False,False,,9d815416e3c0bb0235e8bef40798621c33ee8dc2cbae4616a6ca7c0b7b3f7369,bdbd147785a3d95a441185acf6ce53e537a78a61d7f12c43d9453b809a420e2b
EVT0069,2026-09-07 10:05:00,EB107,FIR-2026-1006,Storage Room A,Received,Officer B. Singh,False,False,2026-09-07 09:53:00,Evidence Intake,12.0,False,False,0.09075890862529218,False,False,,bdbd147785a3d95a441185acf6ce53e537a78a61d7f12c43d9453b809a420e2b,46c23f2fd7ee1d725f1fbb131420b650134eb0edc1a20c70d3ed7d4a284e3af0
EVT0070,2026-09-07 10:14:00,EB107,FIR-2026-1006,Off-site (Unknown),Unauthorized Movement,UNKNOWN,True,False,2026-09-07 10:05:00,Storage Room A,9.0,False,False,-0.0003561435832702964,True,True,"Unauthorized Location, Statistical Outlier",46c23f2fd7ee1d725f1fbb131420b650134eb0edc1a20c70d3ed7d4a284e3af0,3b64fdc23c3cb6acb1a8d6ccdafa697a17053e259c42979c2bed5afc22d3d2ad
EVT0071,2026-09-07 10:43:00,EB107,FIR-2026-1006,Forensic Lab,Transferred,Officer B. Singh,False,False,2026-09-07 10:14:00,Off-site (Unknown),29.0,False,False,0.16418479646628115,False,False,,3b64fdc23c3cb6acb1a8d6ccdafa697a17053e259c42979c2bed5afc22d3d2ad,dfb583701376b7825723f610354ddb1491551c2a4d421b2fb051eea36a4e0ebf
EVT0072,2026-09-07 11:14:00,EB107,FIR-2026-1006,Storage Room A,Analyzed,Officer B. Singh,False,False,2026-09-07 10:43:00,Forensic Lab,31.0,False,False,0.1251180875933865,False,False,,dfb583701376b7825723f610354ddb1491551c2a4d421b2fb051eea36a4e0ebf,775884946be957e1c2e1063c35b5fc73649f0fff2f6e577ce793ec091c4fcf8b
EVT0073,2026-09-07 11:57:00,EB107,FIR-2026-1006,Court Room,Transferred,Lab Tech E. Khan,False,False,2026-09-07 11:14:00,Storage Room A,43.0,False,False,0.16946708589586362,False,False,,775884946be957e1c2e1063c35b5fc73649f0fff2f6e577ce793ec091c4fcf8b,78b3b38f55644ace2340e58729c43566d0e025bb1ded441c314f444a59070a0a
EVT0074,2026-09-07 13:45:00,EB107,FIR-2026-1006,Storage Room B,Transferred,Officer C. Mehta,False,False,2026-09-07 11:57:00,Court Room,108.0,False,False,0.12339148903671815,False,False,,78b3b38f55644ace2340e58729c43566d0e025bb1ded441c314f444a59070a0a,34fe08d68f3d4ecd74dc3dc3adec141c28fe415e18539eb28ad494327fedac75
EVT0075,2026-09-07 14:20:00,EB107,FIR-2026-1006,Transport Vehicle,Transferred,Officer H. Das,False,False,2026-09-07 13:45:00,Storage Room B,35.0,False,False,0.16557054803562055,False,False,,34fe08d68f3d4ecd74dc3dc3adec141c28fe415e18539eb28ad494327fedac75,70d10c21160af4ffef0b185c36cdae8ff4f5778c6049c2bf8b959475519b829d
EVT0076,2026-09-07 16:01:00,EB107,FIR-2026-1006,Evidence Intake,Transferred,Officer B. Singh,False,False,2026-09-07 14:20:00,Transport Vehicle,101.0,False,False,0.04333075522218721,False,False,,70d10c21160af4ffef0b185c36cdae8ff4f5778c6049c2bf8b959475519b829d,c811b346d99b3728c82c6fba2be101dd8bef6ce3be27f8b9631d3ad7bd6e3811
EVT0077,2026-09-07 16:34:00,EB107,FIR-2026-1006,Storage Room A,Returned,Clerk G. Nair,False,False,2026-09-07 16:01:00,Evidence Intake,33.0,False,False,0.10652822860877847,False,False,,c811b346d99b3728c82c6fba2be101dd8bef6ce3be27f8b9631d3ad7bd6e3811,6e504a666914dba2741a8c7fa204a85c62b9525164ac2d814a49b621d7c39665
EVT0078,2026-09-08 04:03:00,EB108,FIR-2026-1007,Court Room,Checked-Out,Officer F. Verma,False,True,,,,False,False,0.0458090916199535,False,True,Odd Hour,6e504a666914dba2741a8c7fa204a85c62b9525164ac2d814a49b621d7c39665,e4df7b115a7317611f965686c554244a493424f6e108690c9c2be51a371e78fd
EVT0079,2026-09-08 10:00:00,EB108,FIR-2026-1007,Crime Scene,Collected,Clerk G. Nair,False,False,2026-09-08 04:03:00,Court Room,357.0,False,False,-0.03660129946334578,True,True,Statistical Outlier,e4df7b115a7317611f965686c554244a493424f6e108690c9c2be51a371e78fd,afc78f6fa54bfdad94942449f8844004b0af62f5168f6174be8d72f7f9170a4a
EVT0080,2026-09-08 10:41:00,EB108,FIR-2026-1007,Evidence Intake,Received,Officer B. Singh,False,False,2026-09-08 10:00:00,Crime Scene,41.0,False,False,0.1419437477783893,False,False,,afc78f6fa54bfdad94942449f8844004b0af62f5168f6174be8d72f7f9170a4a,951599b46618fad52c768962b208044e1d3d800b0634181305326e5d52b679d7
EVT0081,2026-09-08 11:07:00,EB108,FIR-2026-1007,Storage Room A,Checked-In,Officer F. Verma,False,False,2026-09-08 10:41:00,Evidence Intake,26.0,False,True,0.12514039092367807,False,True,Duplicate Scan,951599b46618fad52c768962b208044e1d3d800b0634181305326e5d52b679d7,03b283c677df141fb016ef41f2d202a38861016571e69654d2c21b28c8c4e1df
EVT0082,2026-09-08 11:07:00,EB108,FIR-2026-1007,Evidence Intake,Received,Officer A. Rao,False,False,2026-09-08 11:07:00,Storage Room A,0.0,True,True,0.12079237216315131,False,True,"Impossible Speed, Duplicate Scan",03b283c677df141fb016ef41f2d202a38861016571e69654d2c21b28c8c4e1df,8454fbf5e061db5fbec207b9ad4206f529deeff9c5d94ed12702b30df62a9ee1
EVT0083,2026-09-08 11:17:00,EB108,FIR-2026-1007,Off-site (Unknown),Unauthorized Movement,UNKNOWN,True,False,2026-09-08 11:07:00,Evidence Intake,10.0,False,False,0.006464999148184103,False,True,Unauthorized Location,8454fbf5e061db5fbec207b9ad4206f529deeff9c5d94ed12702b30df62a9ee1,3139b3c126992f932707574479c8445f59a272642893c7628e2de08a84a888fd
EVT0084,2026-09-08 11:45:00,EB108,FIR-2026-1007,Forensic Lab,Transferred,Lab Tech D. Iyer,False,False,2026-09-08 11:17:00,Off-site (Unknown),28.0,False,False,0.130357841433834,False,False,,3139b3c126992f932707574479c8445f59a272642893c7628e2de08a84a888fd,dcb5537e918d1a3cb99b813597d306b6d947f39bbbea4e982cea3b54b570bdc6
EVT0085,2026-09-08 12:29:00,EB108,FIR-2026-1007,Storage Room A,Checked-Out,Officer H. Das,False,False,2026-09-08 11:45:00,Forensic Lab,44.0,False,False,0.12858279422964713,False,False,,dcb5537e918d1a3cb99b813597d306b6d947f39bbbea4e982cea3b54b570bdc6,9bbebb1fe0d2d51a06080e86a400e566b5f285b6cd1b6180668d5b06cda670a5
EVT0086,2026-09-08 13:14:00,EB108,FIR-2026-1007,Court Room,Checked-In,Officer C. Mehta,False,False,2026-09-08 12:29:00,Storage Room A,45.0,False,False,0.20173668399917666,False,False,,9bbebb1fe0d2d51a06080e86a400e566b5f285b6cd1b6180668d5b06cda670a5,41ed5cf2c952dcea24b0a5a81b7cba34a92c40b51b90709f8655286c7874be64
EVT0087,2026-09-08 14:27:00,EB108,FIR-2026-1007,Storage Room B,Checked-In,Lab Tech D. Iyer,False,False,2026-09-08 13:14:00,Court Room,73.0,False,False,0.10139672298573266,False,False,,41ed5cf2c952dcea24b0a5a81b7cba34a92c40b51b90709f8655286c7874be64,2200d5e23b764a6dabbb927f0a58dd4d54298822ec64a247ed8530268af92c64
EVT0088,2026-09-08 14:40:00,EB108,FIR-2026-1007,Transport Vehicle,Checked-In,Officer B. Singh,False,False,2026-09-08 14:27:00,Storage Room B,13.0,False,False,0.1361957660240568,False,False,,2200d5e23b764a6dabbb927f0a58dd4d54298822ec64a247ed8530268af92c64,18a1fd03df8ea8741bbc095085edc8405e926f8a2fa44b1536f3cee2a8563aa0
EVT0089,2026-09-08 15:14:00,EB108,FIR-2026-1007,Evidence Intake,Checked-Out,Officer A. Rao,False,False,2026-09-08 14:40:00,Transport Vehicle,34.0,False,False,0.15002153086444098,False,False,,18a1fd03df8ea8741bbc095085edc8405e926f8a2fa44b1536f3cee2a8563aa0,9f6ff909f969711739a02e18f3b631deed3379e52e95cfbf13cfbd7685df515a
EVT0090,2026-09-08 15:52:00,EB108,FIR-2026-1007,Storage Room A,Transferred,Officer C. Mehta,False,False,2026-09-08 15:14:00,Evidence Intake,38.0,False,False,0.13098092202986977,False,False,,9f6ff909f969711739a02e18f3b631deed3379e52e95cfbf13cfbd7685df515a,40f200f0ed6ab536bcc04bf68e07c5dd2fb41f8333de80bbc21b3734711b326f
EVT0091,2026-09-08 16:35:00,EB108,FIR-2026-1007,Storage Room A,Returned,Officer H. Das,False,False,2026-09-08 15:52:00,Storage Room A,43.0,False,False,0.11073254609366512,False,False,,40f200f0ed6ab536bcc04bf68e07c5dd2fb41f8333de80bbc21b3734711b326f,67fb71fa694f17e27b2b2f0de7018448194d3655cf4927b41fc66a911f00ab15
